Id,ParentId,MenuId,Title,Visible,Type,Mode,AlternatePath,AlternateText,,,
1,,prism-home,Home,Y,m,,,,,,
2,1,cds-dashboard,CDS Dashboards,Y,m,,,,,,
3,2,cds-dashboard,CDS Dashboards,Y,c,,,,,,
4,1,study-list,DM Studies,Y,m,,,,,,
5,4,dm-study-list,DM Studies,Y,c,,,,,,
6,1,imi-study-list,IMI Studies,Y,m,,,,,,
7,6,imi-study-list,IMI Studies,Y,c,,,,,,
8,1,crm-list,CRM Studies,Y,m,,,,,,
9,8,crm-study-list,CRM Studies,Y,c,,,,,,
1000,,study,Studies,Y,m,,,,,,
1050,1000,dm/study-edit,Study Edit,Y,m,,,,,,
1051,1050,study-edit,Study Edit,Y,c,E,,,,,
1100,1000,dm/review,Project Review,Y,m,,,,,,
1101,1100,sign-off,Review Signoff,Y,m,,sign-off-view,Review Signoff (View),,,
1102,1101,study-proj-review-sign-off,Review Signoff,Y,c,E,,,,,
1103,1100,sign-off-view,Review Signoff,Y,m,,,,,,
1104,1103,study-proj-review-sign-off,Review Signoff,Y,c,V,,,,,
1105,1100,review-categories,Project Status Categories,Y,m,,review-categories-view,Project Status Categories (View),,,
1106,1105,study-proj-review-categories,Project Status Categories,Y,c,E,,,,,
1107,1100,review-categories-view,Project Status Categories,Y,m,,,,,,
1108,1107,study-proj-review-categories,Project Status Categories,Y,c,V,,,,,
1109,1100,issue-tracker,Project Issue Tracker,Y,m,,issue-tracker-view,Project Issue Tracker (View),,,
1110,1109,study-proj-review-issue-tracker,Project Issue Tracker,Y,c,E,,,,,
1111,1100,issue-tracker-view,Project Issue Tracker,Y,m,,,,,,
1112,1111,study-proj-review-issue-tracker,Project Issue Tracker,Y,c,V,,,,,
1113,1100,review-history,Project History,Y,m,,,,,,
1114,1113,study-proj-review-history,Project History,Y,c,V,,,,,
1115,1100,offline-checks,Offline Checks,Y,m,,offline-checks-view,Offline Checks (View),,,
1116,1115,study-proj-review-offline-checks,Offline Checks,Y,c,E,,,,,
1117,1100,offline-checks-view,Offline Checks,Y,m,,,,,,
1118,1117,study-proj-review-offline-checks,Offline Checks,Y,c,V,,,,,
1119,1100,archived-reviews,Archived Reviews,Y,m,,,,,,
1120,1119,project-review-sign-off,Archived Reviews,Y,m,,,,,"Not Working, need to test",
1121,1120,study-proj-review-archived-list,Archived Reviews,Y,c,V,,,,,
1122,1119,project-issue-list,Archived Reviews,Y,m,,,,,,
1123,1122,study-pro-review-issue-list-archived,Archived Reviews,Y,c,V,,,,,
1124,1119,archived-project-review-history,Archived Reviews,Y,m,,,,,,
1125,1124,study-proj-review-history-archived-list,Archived Reviews,Y,c,V,,,,,
1126,1119,timeline-history,Archived Reviews,Y,m,,,,,,
1127,1126,study-proj-review-timelines-archived,Archived Reviews,Y,c,V,,,,,
1128,1100,no-permissions-view,No Access,Y,m,,,,,,
1129,1128,no-permissions,No Access,Y,c,V,,,,,
1200,1000,dm/description-assumptions,Study Details,Y,m,,,,,,
1201,1200,description,Study Details,Y,m,,description-view,Study Details (View),,,
1202,1201,study-description,Study Details,Y,c,E,,,,,
1203,1200,description-view,View,Y,m,,,,,,
1204,1203,study-description,View,Y,c,V,,,,,
1205,1200,other-icon-departments,Other Departments,Y,m,,other-icon-departments-view,Other Icon Departments (View),,,
1206,1205,study-other-icon-departments,Other Departments,Y,c,E,,,,,
1207,1200,other-icon-departments-view,View,Y,m,,,,,,
1208,1207,study-other-icon-departments,View,Y,c,V,,,,,
1209,1200,assumptions,Assumptions,Y,m,,assumptions-view,Assumptions (View),,,
1210,1209,study-assumptions,Assumptions,Y,c,E,,,,,
1211,1200,assumptions-view,Assumptions,Y,m,,,,,,
1212,1211,study-assumptions,Assumptions,Y,c,V,,,,,
1250,1000,dm/resources-group,Resources,Y,m,,,,,,
1251,1250,study-resources,Resources,Y,m,,study-resources-view,Resources (View),,,
1252,1251,study-resources,Resources,Y,c,E,,,,,
1253,1250,study-resources-view,Resources,Y,m,,,,,,
1254,1253,study-resources,Resources,Y,c,V,,,,,
1255,1250,fte-resources,FTE Resources,Y,m,,fte-resources-view,FTE Resources (View),,,
1256,1255,study-fte-resources,FTE Resources,Y,c,E,,,,,
1257,1250,fte-resources-view,FTE Resources,Y,m,,,,,,
1258,1257,study-fte-resources,FTE Resources,Y,c,V,,,,,
1300,1000,dm/timeline-group,Timelines,Y,m,,,,,,
1301,1300,time-line,Timelines,Y,m,,time-line-view,Timelines (View,,,
1302,1301,study-timelines,Timelines,Y,c,E,,,,,
1303,1300,time-line-view,Timelines,Y,m,,,,,,
1304,1303,study-timelines,Timelines,Y,c,V,,,,,
1305,1300,deliverables,Deliverables,Y,m,,deliverables-view,Deliverables (View),,,
1306,1305,study-deliverables,Deliverables,Y,c,E,,,,,
1307,1300,deliverables-view,Deliverables,Y,m,,,,,,
1308,1307,study-deliverables,Deliverables,Y,c,V,,,,,
1309,1300,celgene-deliverables,Celgene Deliverables,Y,m,,celgene-deliverables-view,Celgene Deliverables (View),,,
1310,1309,study-celgene-deliverables,Celgene Deliverables,Y,c,E,,,,,
1311,1300,celgene-deliverables-view,Celgene Deliverables,Y,m,,,,,,
1312,1311,study-celgene-deliverables,Celgene Deliverables,Y,c,V,,,,,
1313,1300,interim-locks,Interim Locks,Y,m,,interim-locks-view,Inerim Locks (View),,,
1314,1313,study-interim-locks,Interim Locks,Y,c,E,,,,,
1315,1300,interim-locks-view,Interim Locks,Y,m,,,,,,
1316,1315,study-interim-locks,Interim Locks,Y,c,V,,,,,
1350,1000,dm/status-pageflow,Status / Pageflow,Y,m,,,,,,
1351,1350,status,Study Status,Y,m,,status-view,Study Status (View),,,
1352,1351,study-status,Study Status,Y,c,E,,,,,
1353,1350,status-view,Study Status,Y,m,,,,,,
1354,1353,study-status,Study Status,Y,c,V,,,,,
1355,1350,pageflow,Page Flow,Y,m,,pageflow-view,Pageflow (View),,,
1356,1355,study-pageflow,Page Flow,Y,c,E,,,,,
1357,1350,pageflow-view,Page Flow,Y,m,,,,,,
1358,1357,study-pageflow,Page Flow,Y,c,V,,,,,
1400,1000,dm/external-data-list,External Data,Y,m,,external-data-view,External Data (View),,,
1401,1400,study-external-data,External Data,Y,c,E,,,,,
1402,1000,dm/external-data-view,External Data,Y,m,,,,,,
1403,1402,study-external-data,External Data,Y,c,V,,,,,
1420,1000,dm/dbl-main,Database Lock Dashboard,Y,m,,dbl-main-view,Database Lock Dashboard (View),,,
1421,1420,study-database-lock-dashboard,Database Lock Dashboard,Y,c,E,,,,,
1422,1000,dm/dbl-main-view,Database Lock Dashboard,Y,m,,,,,,
1423,1422,study-database-lock-dashboard,Database Lock Dashboard,Y,c,V,,,,,
1450,1000,dm/tasks-group,Tasks,Y,m,,,,,,
1451,1450,database-build,Database Build,Y,m,,,,,,
1452,1451,study-task-database-build,Database Build,Y,c,E,,,,,
1453,1450,programming,Programming,Y,m,,,,,,
1454,1453,study-task-programming,Programming,Y,c,E,,,,,
1455,1450,data-processing,Data Processing,Y,m,,,,,,
1456,1455,study-task-data-processing,Data Processing,Y,c,E,,,,,
1500,1000,dm/cdms-group,CDMS,Y,m,,,,,,
1501,1500,cdms,CDMS,Y,m,,cdms-view,CDMS (View),,,
1502,1501,study-cdms,CDMS,Y,c,E,,,,,
1503,1500,cdms-view,CDMS,Y,m,,,,,,
1504,1503,study-cdms,CDMS,Y,c,V,,,,,
1505,1500,cdms-extract-specification,CDMS Extraction Specification,Y,m,,cdms-extract-specification-view,CDMS Extraction Specification (View),,,
1506,1505,study-cdms-extract-specification,CDMS Extraction Specification,Y,c,E,,,,,
1507,1500,cdms-extract-specification-view,CDMS Extraction Specification,Y,m,,,,,,
1508,1507,study-cdms-extract-specification,CDMS Extraction Specification,Y,c,V,,,,,
1509,1500,cdms-cppc,CDMS CPPC,Y,m,,cdms-cppc-view,CDMS CPPC (View),,,
1510,1509,study-cdms-cppc,CDMS CPPC,Y,c,E,,,,,
1511,1500,cdms-cppc-view,CDMS CPPC,Y,m,,,,,,
1512,1511,study-cdms-cppc,CDMS CPPC,Y,c,V,,,,,
1513,1500,cdms-tracker,CDMS Tracker,Y,m,,cdms-tracker-view,CDMS Tracker (View),,,
1514,1513,item-group/edit,CDMS Tracker - Edit,Y,m,,item-group/view,CDMS Tracker (View),,,
1515,1514,study-cdms-tracker,CDMS Tracker,Y,c,E,,,,,
1516,1513,item-group/view,CDMS Tracker,Y,m,,,,,,
1517,1516,study-cdms-tracker,CDMS Tracker,Y,c,V,,,,,
1518,1500,third-party-cdms-tracker,Clininfo CDMS Tracker,Y,m,,third-party-cdms-tracker-view,Clininfo CDMS Tracker (View),,,
1519,1518,item-group/edit,Clininfo CDMS Tracker - Edit,Y,m,,item-group/view,Clininfo CDMS Tracker (View),,,
1520,1519,study-cdms-clininfo-tracker,Clininfo CDMS Tracker,Y,c,E,,,,,
1521,1518,item-group/view,Clininfo CDMS Tracker,Y,m,,,,,,
1522,1521,study-cdms-clininfo-tracker,Clininfo CDMS Tracker,Y,c,V,,,,,
1550,1000,dm/cds-group,CDS,Y,m,,,,,,
1551,1550,cds,CDS,Y,m,,cds-view,CDS (View),,,
1552,1551,study-cds,CDS,Y,c,E,,,,,
1553,1550,cds-view,CDS,Y,m,,,,,,
1554,1553,study-cds,CDS,Y,c,V,,,,,
1555,1550,development-request,Development Request,Y,m,,development-request-view,Development Request (View),,,
1556,1555,item-group/edit,Development Request - Edit,Y,m,,item-group/view,Development Request (View),,,
1557,1556,study-cds-development-request,Development Request,Y,c,E,,,,,
1558,1555,item-group/view,Development Request,Y,m,,,,,,
1559,1558,study-cds-development-request,Development Request,Y,c,V,,,,,
1560,1550,output-request,Output Request,Y,m,,output-request-view,Output Request (View),,,
1561,1560,item-group/edit,Output Request - Edit,Y,m,,item-group/view,Output Request (View),,,
1562,1561,study-cds-output-request,Output Request,Y,c,E,,,,,
1563,1560,item-group/view,Output Request,Y,m,,,,,,
1564,1563,study-cds-output-request,Output Request,Y,c,V,,,,,
1565,1550,delivery-request,Delivery Request,Y,m,,delivery-request-view,Delivery Request (View),,,
1566,1565,item-group/edit,Delivery Request - Edit,Y,m,,item-group/view,Delivery Request (View),,,
1567,1566,study-cds-delivery-request,Delivery Request,Y,c,E,,,,,
1568,1565,item-group/view,Delivery Request,Y,m,,,,,,
1569,1568,study-cds-delivery-request,Delivery Request,Y,c,V,,,,,
1570,1550,coding-request,Coding Request,Y,m,,coding-request-view,Coding Request (View),,,
1571,1570,item-group/edit,Coding Request - Edit,Y,m,,item-group/view,Coding Request (View),,,
1572,1571,study-cds-coding-request,Coding Request,Y,c,E,,,,,
1573,1570,item-group/view,Coding Request,Y,m,,,,,,
1574,1573,study-cds-coding-request,Coding Request,Y,c,V,,,,,
1575,1550,programming-instructions,Programming Request,Y,m,,programming-instructions-view,Programming Instructions (View),,,
1576,1575,item-group/edit,Programming Request - Edit,Y,m,,item-group/view,Programming Instructions (View),,,
1577,1576,study-cds-programming-instructions,Programming Request,Y,c,E,,,,,
1578,1575,item-group/view,Programming Request,Y,m,,,,,,
1579,1578,study-cds-programming-instructions,Programming Request,Y,c,V,,,,,
1600,1000,dm/quality-group,Quality,Y,m,,,,,,
1601,1600,quality-review,Quality Review,Y,m,,quality-review-view,Quality Review (View),,,for kpi and kpi dashboards
1602,1601,study-quality-review,Quality Review,Y,c,E,,,,,
1603,1600,quality-review-view,Quality Review,Y,m,,,,,,for kpi and kpi dashboards
1604,1603,study-quality-review,Quality Review,Y,c,V,,,,,
1605,1600,kpis,KPIs,Y,m,,kpis-view,KPIs (View),,,"separate comp code not declared in RoleMatrix, hence using study-kpi"
1606,1605,study-kpis,KPIs,Y,c,E,,,,,
1607,1600,kpis-view,KPIs,Y,m,,,,,,"separate comp code not declared in RoleMatrix, hence using study-kpi"
1608,1607,study-kpis,KPIs,Y,c,V,,,,,
1609,1600,kpi-dashboard,KPI Dashboard,Y,m,,kpi-dashboard-view,KPI Dashboard (View),,,
1610,1609,study-kpis,KPI Dashboard,Y,c,E,,,,,
1611,1600,kpi-dashboard-view,KPI Dashboard,Y,m,,,,,,
1612,1611,study-kpis,study-kpis,Y,c,V,,,,,
1613,1600,edc-user-access,EDC User Access,Y,m,,edc-user-access-view,EDC Access (View),,,
1614,1613,study-edc-access,EDC User Access,Y,c,E,,,,,
1615,1600,edc-user-access-view,EDC User Access,Y,m,,,,,,
1616,1615,study-edc-access,EDC User Access,Y,c,V,,,,,
1617,1600,tmf-qc,TMF QC,Y,m,,tmf-qc-view,TMF QC (View),,,
1618,1617,study-tmf-qc,TMF QC,Y,c,E,,,,,
1619,1600,tmf-qc-view,TMF QC,Y,m,,,,,,
1620,1619,study-tmf-qc,TMF QC,Y,c,V,,,,,Not sure this is required
1621,1000,dm/local-labs,Local Labs,Y,m,,local-labs-view,Local Labs (View),,,
1622,1621,study-local-labs,Local Labs,Y,c,E,,,,,Not sure this is required
1623,1000,dm/local-labs-view,Local Labs,Y,m,,,,,,
1624,1623,study-local-labs,Local Labs,Y,c,V,,,,,
1625,1000,dm/fte-computations,FTE Computations,Y,m,,,,,,
1626,1625,study-fte-computations,FTE Computations,Y,c,E,,,,,
1627,1000,dm/gsk-group,GSK,Y,m,,,,,,
1628,1627,study-gsk,GSK,Y,c,V,,,,,
2000,1000,imi/review-group,IMI Review,Y,m,,,,,,
2050,1000,imi/study-edit,Study Edit,Y,m,,,,,,
2051,2050,study-edit,Study Edit,Y,c,E,,,,,
2100,2000,imi-review-signoff,IMI Review Signoff,Y,m,,imi-review-signoff-view,Signoff (View),,,
2101,2100,study-imi-review-signoff,IMI Review Signoff,Y,c,E,,,,,
2102,2000,imi-review-signoff-view,IMI Review Signoff,Y,m,,,,,,
2103,2102,study-imi-review-signoff,IMI Review Signoff,Y,c,V,,,,,
2104,2000,imi-review-categories,IMI Review Categories,Y,m,,imi-review-categories-view,Review Categories (View),,,
2105,2104,study-imi-review-categories,IMI Review Categories,Y,c,E,,,,,
2106,2000,imi-review-categories-view,IMI Review Categories,Y,m,,,,,,
2107,2106,study-imi-review-categories,IMI Review Categories,Y,c,V,,,,,
2108,2000,issue-tracker,IMI Project Issue Tracker,Y,m,,issue-tracker-view,Project Issue Tracker (View),,,
2109,2108,study-imi-project-issue-tracker,IMI Project Issue Tracker,Y,c,E,,,,,
2110,2000,issue-tracker-view,IMI Project Issue Tracker,Y,m,,,,,,
2111,2110,study-imi-project-issue-tracker,IMI Project Issue Tracker,Y,c,V,,,,,
2112,2000,review-history,IMI Project Review History,Y,m,,review-history-view,Project Review History (View),,,
2113,2112,study-imi-project review-history,IMI Project Review History,Y,c,E,,,,,
2114,2000,review-history-view,IMI Project Review History,Y,m,,,,,,
2115,2114,study-imi-project review-history,IMI Project Review History,Y,c,V,,,,,
2150,1000,imi/description-assumptions,IMI Description,Y,m,,,,,,
2151,2150,description,IMI Details,Y,m,,description-view,Details (View),,,
2152,2151,study-imi-details,IMI Details,Y,c,E,,,,,
2153,2150,description-view,IMI Details,Y,m,,,,,,
2154,2153,study-imi-details,IMI Details,Y,c,V,,,,,
2155,2150,assumptions,IMI Assumptions,Y,m,,assumptions-view,Assumptions (View),,,
2156,2155,study-imi-assumptions,IMI Assumptions,Y,c,E,,,,,
2157,2150,assumptions-view,IMI Assumptions,Y,m,,,,,,
2158,2157,study-imi-assumptions,IMI Assumptions,Y,c,V,,,,,
2200,1000,imi/resources,IMI Resources,Y,m,,resources-view,IMI Resources (View),,,
2201,2200,study-imi-resources,IMI Resources,Y,c,E,,,,,
2202,1000,imi/resources-view,IMI Resources,Y,m,,,,,,
2203,2202,study-imi-resources,IMI Resources,Y,c,V,,,,,
2250,1000,imi/timelines,IMI Timelines,Y,m,,timelines-view,IMI Timelines (View),,,
2251,2250,study-imi-timelines,IMI Timelines,Y,c,E,,,,,
2252,1000,imi/timelines-view,IMI Timelines,Y,m,,,,,,
2253,2252,study-imi-timelines,IMI Timelines,Y,c,V,,,,,
2300,1000,imi/status,IMI Study Status,Y,m,,status-view,IMI Study Status (View),,,
2301,2300,study-imi-status,IMI Study Status,Y,c,E,,,,,
2302,1000,imi/status-view,IMI Study Status,Y,m,,,,,,
2303,2302,study-imi-status,IMI Study Status,Y,c,V,,,,,
2400,1000,imi/cds-group,CDS,Y,m,,,,,,
2401,2400,cds,CDS,Y,m,,cds-view,CDS (View),,,
2402,2401,study-cds,CDS,Y,c,E,,,,,
2403,2400,cds-view,CDS,Y,m,,,,,,
2404,2403,study-cds,CDS,Y,c,V,,,,,
2405,2400,development-request,Development Request,Y,m,,development-request-view,Development Request (View),,,
2406,2405,item-group/edit,Development Request - Edit,Y,m,,item-group/view,Development Request (View),,,
2407,2406,study-cds-development-request,Development Request,Y,c,E,,,,,
2408,2405,item-group/view,Development Request,Y,m,,,,,,
2409,2408,study-cds-development-request,Development Request,Y,c,V,,,,,
2410,2400,output-request,Output Request,Y,m,,output-request-view,Output Request (View),,,
2411,2410,item-group/edit,Output Request - Edit,Y,m,,item-group/view,Output Request (View),,,
2412,2411,study-cds-output-request,Output Request,Y,c,E,,,,,
2413,2410,item-group/view,Output Request,Y,m,,,,,,
2414,2413,study-cds-output-request,Output Request,Y,c,V,,,,,
2415,2400,delivery-request,Delivery Request,Y,m,,delivery-request-view,Delivery Request (View),,,
2416,2415,item-group/edit,Delivery Request - Edit,Y,m,,item-group/view,Delivery Request (View),,,
2417,2416,study-cds-delivery-request,Delivery Request,Y,c,E,,,,,
2418,2415,item-group/view,Delivery Request,Y,m,,,,,,
2419,2418,study-cds-delivery-request,Delivery Request,Y,c,V,,,,,
2420,2400,coding-request,Coding Request,Y,m,,coding-request-view,Coding Request (View),,,
2421,2420,item-group/edit,Coding Request - Edit,Y,m,,item-group/view,Coding Request (View),,,
2422,2421,study-cds-coding-request,Coding Request,Y,c,E,,,,,
2423,2420,item-group/view,Coding Request,Y,m,,,,,,
2424,2423,study-cds-coding-request,Coding Request,Y,c,V,,,,,
2425,2400,programming-instructions,Programming Request,Y,m,,programming-instructions-view,Programming Instructions (View),,,
2426,2425,item-group/edit,Programming Request - Edit,,,,item-group/view,Programming Instructions (View),,,
2427,2426,study-cds-programming-instructions,Programming Request,Y,c,E,,,,,
2428,2425,item-group/view,Programming Request,Y,m,,,,,,
2429,2428,study-cds-programming-instructions,Programming Request,Y,c,V,,,,,
2450,1000,imi/cdms-group,IMI CDMS,Y,m,,,,,,
2451,2450,cdms,IMI CDMS,Y,m,,cdms-view,CDMS (View),,,
2452,2451,study-imi-cdms,IMI CDMS,Y,c,E,,,,,
2453,2450,cdms-view,IMI CDMS,Y,m,,,,,,
2454,2453,study-imi-cdms,IMI CDMS,Y,c,V,,,,,
2455,2450,cdms-tracker,IMI CDMS Tracker,Y,m,,cdms-tracker-view,IMI CDMS Tracker (View),,,
2456,2455,item-group/edit,IMI CDMS Tracker - Edit,Y,m,,item-group/view,CDMS Tracker (View),,,
2457,2456,study-imi-cdms-tracker,IMI CDMS Tracker,Y,c,E,,,,,
2458,2455,item-group/view,IMI CDMS Tracker,Y,m,,,,,,
2459,2458,study-imi-cdms-tracker,IMI CDMS Tracker,Y,c,V,,,,,
2460,1000,imi/trackers-group,IMI Trackers,Y,m,,,,,,
2461,2460,imi-ra-devp-request,IMI R&A Trackers - IMI R&A Development Request,Y,m,,imi-ra-devp-request-view,IMI R&A Development Request (View),,,
2462,2461,study-imi-r&a-development-request,IMI R&A Trackers - IMI R&A Development Request,Y,c,E,,,,,
2463,2460,imi-ra-devp-request-view,IMI R&A Trackers - IMI R&A Development Request,Y,m,,,,,,
2464,2463,study-imi-r&a-development-request,IMI R&A Trackers - IMI R&A Development Request,Y,c,V,,,,,
2465,2460,imi-ra-output-request,IMI R&A Trackers - IMI R&A Output Request,Y,m,,imi-ra-output-request-view,IMI R&A Output Request (View),,,
2466,2465,study-imi-r&a-output-request,IMI R&A Trackers - IMI R&A Output Request,Y,c,E,,,,,
2467,2460,imi-ra-output-request-view,IMI R&A Trackers - IMI R&A Output Request,Y,m,,,,,,
2468,2467,study-imi-r&a-output-request,IMI R&A Trackers - IMI R&A Output Request,Y,c,V,,,,,
3000,1000,dm-imi/review,Project Review,Y,m,,,,,,
3001,3000,sign-off,Review Signoff,Y,m,,sign-off-view,Review Signoff (View),,,
3002,3001,study-proj-review-sign-off,Review Signoff,Y,c,E,,,,,
3003,3000,sign-off-view,Review Signoff,Y,m,,,,,,
3004,3003,study-proj-review-sign-off,Review Signoff,Y,c,V,,,,,
3005,3000,review-categories,Project Status Categories,Y,m,,review-categories-view,Project Status Categories (View),,,
3006,3005,study-proj-review-categories,Project Status Categories,Y,c,E,,,,,
3007,3000,review-categories-view,Project Status Categories,Y,m,,,,,,
3008,3007,study-proj-review-categories,Project Status Categories,Y,c,V,,,,,
3009,3000,issue-tracker,Project Issue Tracker,Y,m,,issue-tracker-view,Project Issue Tracker (View),,,
3010,3009,study-proj-review-issue-tracker,Project Issue Tracker,Y,c,E,,,,,
3011,3000,issue-tracker-view,Project Issue Tracker,Y,m,,,,,,
3012,3011,study-proj-review-issue-tracker,Project Issue Tracker,Y,c,V,,,,,
3013,3000,review-history,Project History,Y,m,,,,,,
3014,3013,study-proj-review-history,Project History,Y,c,V,,,,,
3015,3000,offline-checks,Offline Checks,Y,m,,offline-checks-view,Offline Checks (View),,,
3016,3015,study-proj-review-offline-checks,Offline Checks,Y,c,E,,,,,
3017,3000,offline-checks-view,Offline Checks,Y,m,,,,,,
3018,3017,study-proj-review-offline-checks,Offline Checks,Y,c,V,,,,,
3019,3000,archived-reviews,Archived Reviews,Y,m,,,,,,
3020,3019,project-review-sign-off,Archived Reviews,Y,m,,,,,,
3021,3020,study-proj-review-archived-list,Archived Reviews,Y,c,V,,,,,
3022,3019,project-issue-list,Archived Reviews,Y,m,,,,,,
3023,3022,study-pro-review-issue-list-archived,Archived Reviews,Y,c,V,,,,,
3024,3019,archived-project-review-history,Archived Reviews,Y,m,,,,,,
3025,3024,study-proj-review-history-archived-list,Archived Reviews,Y,c,V,,,,,
3026,3019,timeline-history,Archived Reviews,Y,m,,,,,,
3027,3026,study-proj-review-timelines-archived,Archived Reviews,Y,c,V,,,,,
3028,3000,no-permissions-view,No Access,Y,m,,,,,,
3029,3028,no-permissions,No Access,Y,c,V,,,,,
3050,1000,dm-imi/study-edit,Study Edit,Y,m,,,,,,
3051,3050,study-edit,Study Edit,Y,c,E,,,,,
3100,1000,dm-imi/description-assumptions,Study Details,Y,m,,,,,,
3101,3100,description,Study Details,Y,m,,description-view,Study Details (View),,,
3102,3101,study-description,Study Details,Y,c,E,,,,,
3103,3100,description-view,View,Y,m,,,,,,
3104,3103,study-description,View,Y,c,V,,,,,
3105,3100,other-icon-departments,Other Departments,Y,m,,other-icon-departments-view,Other Icon Departments (View),,,
3106,3105,study-other-icon-departments,Other Departments,Y,c,E,,,,,
3107,3100,other-icon-departments-view,View,Y,m,,,,,,
3108,3107,study-other-icon-departments,View,Y,c,V,,,,,
3109,3100,assumptions,Assumptions,Y,m,,assumptions-view,Assumptions (View),,,
3110,3109,study-assumptions,Assumptions,Y,c,E,,,,,
3111,3100,assumptions-view,Assumptions,Y,m,,,,,,
3112,3111,study-assumptions,Assumptions,Y,c,V,,,,,
3150,1000,dm-imi/resources-group,Resources,Y,m,,,,,,
3151,3150,study-resources,Resources,Y,m,,study-resources-view,Resources (View),,,
3152,3151,study-resources,Resources,Y,c,E,,,,,
3153,3150,study-resources-view,Resources,Y,m,,,,,,
3154,3153,study-resources,Resources,Y,c,V,,,,,
3155,3150,fte-resources,FTE Resources,Y,m,,fte-resources-view,FTE Resources (View),,,
3156,3155,study-fte-resources,FTE Resources,Y,c,E,,,,,
3157,3150,fte-resources-view,FTE Resources,Y,m,,,,,,
3158,3157,study-fte-resources,FTE Resources,Y,c,V,,,,,
3200,1000,dm-imi/timeline,Timelines,Y,m,,,,,,
3201,3200,time-line,Timelines,Y,m,,time-line-view,Timelines (View),,,
3202,3201,study-timelines,Timelines,Y,c,E,,,,,
3203,3200,time-line-view,Timelines,Y,m,,,,,,
3204,3203,study-timelines,Timelines,Y,c,V,,,,,
3205,3200,deliverables,Deliverables,Y,m,,deliverables-view,Deliverables (View),,,
3206,3205,study-deliverables,Deliverables,Y,c,E,,,,,
3207,3200,deliverables-view,Deliverables,Y,m,,,,,,
3208,3207,study-deliverables,Deliverables,Y,c,V,,,,,
3209,3200,celgene-deliverables,Celgene Deliverables,Y,m,,celgene-deliverables-view,Celgene Deliverables (View),,,
3210,3209,study-celgene-deliverables,Celgene Deliverables,Y,c,E,,,,,
3211,3200,celgene-deliverables-view,Celgene Deliverables,Y,m,,,,,,
3212,3211,study-celgene-deliverables,Celgene Deliverables,Y,c,V,,,,,
3213,3200,interim-locks,Interim Locks,Y,m,,interim-locks-view,Inerim Locks (View),,,
3214,3213,study-interim-locks,Interim Locks,Y,c,E,,,,,
3215,3200,interim-locks-view,Interim Locks,Y,m,,,,,,
3216,3215,study-interim-locks,Interim Locks,Y,c,V,,,,,
3250,1000,dm-imi/status-pageflow,Status / Pageflow,Y,m,,,,,,
3251,3250,status,Study Status,Y,m,,status-view,Study Status (View),,,
3252,3251,study-status,Study Status,Y,c,E,,,,,
3253,3250,status-view,Study Status,Y,m,,,,,,
3254,3253,study-status,Study Status,Y,c,V,,,,,
3255,3250,pageflow,Page Flow,Y,m,,pageflow-view,Pageflow (View),,,
3256,3255,study-pageflow,Page Flow,Y,c,E,,,,,
3257,3250,pageflow-view,Page Flow,Y,m,,,,,,
3258,3257,study-pageflow,Page Flow,Y,c,V,,,,,
3300,1000,dm-imi/external-data-list,External Data,Y,m,,external-data-view,External Data (View),,,
3301,3300,study-external-data,External Data,Y,c,E,,,,,
3302,1000,dm-imi/external-data-view,External Data,Y,m,,,,,,
3303,3302,study-external-data,External Data,Y,c,V,,,,,
3320,1000,dm-imi/dbl-main,Database Lock Dashboard,Y,m,,dbl-main-view,Database Lock Dashboard (View),,,
3321,3320,study-database-lock-dashboard,Database Lock Dashboard,Y,c,E,,,,,
3322,1000,dm-imi/dbl-main-view,Database Lock Dashboard,Y,m,,,,,,
3323,3322,study-database-lock-dashboard,Database Lock Dashboard,Y,c,V,,,,,
3350,1000,dm-imi/tasks,Tasks,Y,m,,,,,,
3351,3350,database-build,Database Build,Y,m,,,,,,
3352,3351,study-task-database-build,Database Build,Y,c,E,,,,,
3353,3350,programming,Programming,Y,m,,,,,,
3354,3353,study-task-programming,Programming,Y,c,E,,,,,
3355,3350,data-processing,Data Processing,Y,m,,,,,,
3356,3355,study-task-data-processing,Data Processing,Y,c,E,,,,,
3400,1000,dm-imi/cdms-group,CDMS,Y,m,,,,,,
3401,3400,cdms,CDMS,Y,m,,cdms-view,CDMS (View),,,
3402,3401,study-cdms,CDMS,Y,c,E,,,,,
3403,3400,cdms-view,CDMS,Y,m,,,,,,
3404,3403,study-cdms,CDMS,Y,c,V,,,,,
3405,3400,cdms-extract-specification,CDMS Extraction Specification,Y,m,,cdms-extract-specification-view,CDMS Extraction Specification (View),,,
3406,3405,study-cdms-extract-specification,CDMS Extraction Specification,Y,c,E,,,,,
3407,3400,cdms-extract-specification-view,CDMS,Y,m,,,,,,
3408,3407,study-cdms-extract-specification,CDMS,Y,c,V,,,,,
3409,3400,cdms-cppc,CDMS CPPC,Y,m,,cdms-cppc-view,CDMS CPPC (View),,,
3410,3409,study-cdms-cppc,CDMS CPPC,Y,c,E,,,,,
3411,3400,cdms-cppc-view,CDMS CPPC,Y,m,,,,,,
3412,3411,study-cdms-cppc,CDMS CPPC,Y,c,V,,,,,
3413,3400,cdms-tracker,CDMS Tracker,Y,m,,cdms-tracker-view,CDMS Tracker (View),,,
3414,3413,item-group/edit,CDMS Tracker - Edit,Y,m,,item-group/view,CDMS Tracker (View),,,
3415,3414,study-cdms-tracker,CDMS Tracker,Y,c,E,,,,,
3416,3413,item-group/view,CDMS Tracker,Y,m,,,,,,
3417,3416,study-cdms-tracker,CDMS Tracker,Y,c,V,,,,,
3418,3400,third-party-cdms-tracker,Clininfo CDMS Tracker,Y,m,,third-party-cdms-tracker-view,Clininfo CDMS Tracker (View),,,
3419,3418,item-group/edit,Clininfo CDMS Tracker - Edit,Y,m,,item-group/view,Clininfo CDMS Tracker (View),,,
3420,3419,study-cdms-clininfo-tracker,Clininfo CDMS Tracker,Y,c,E,,,,,
3421,3418,item-group/view,Clininfo CDMS Tracker,Y,m,,,,,,
3422,3421,study-cdms-clininfo-tracker,Clininfo CDMS Tracker,Y,c,V,,,,,
3450,1000,dm-imi/cds-group,CDS,Y,m,,,,,,
3451,3450,cds,CDS,Y,m,,cds-view,CDS (View),,,
3452,3451,study-cds,CDS,Y,c,E,,,,,
3453,3450,cds-view,CDS,Y,m,,,,,,
3454,3453,study-cds,CDS,Y,c,V,,,,,
3455,3450,development-request,Development Request,Y,m,,development-request-view,Development Request (View),,,
3456,3455,item-group/edit,Development Request - Edit,Y,m,,item-group/view,Development Request (View),,,
3457,3456,study-cds-development-request,Development Request,Y,c,E,,,,,
3458,3455,item-group/view,Development Request,Y,m,,,,,,
3459,3458,study-cds-development-request,Development Request,Y,c,V,,,,,
3460,3450,output-request,Output Request,Y,m,,output-request-view,Output Request (View),,,
3461,3460,item-group/edit,Output Request - Edit,Y,m,,item-group/view,Output Request (View),,,
3462,3461,study-cds-output-request,Output Request,Y,c,E,,,,,
3463,3460,item-group/view,Output Request,Y,m,,,,,,
3464,3463,study-cds-output-request,Output Request,Y,c,V,,,,,
3465,3450,delivery-request,Delivery Request,Y,m,,delivery-request-view,Delivery Request (View),,,
3466,3465,item-group/edit,Delivery Request - Edit,Y,m,,item-group/view,Delivery Request (View),,,
3467,3466,study-cds-delivery-request,Delivery Request,Y,c,E,,,,,
3468,3465,item-group/view,Delivery Request,Y,m,,,,,,
3469,3468,study-cds-delivery-request,Delivery Request,Y,c,V,,,,,
3470,3450,coding-request,Coding Request,Y,m,,coding-request-view,Coding Request (View),,,
3471,3470,item-group/edit,Coding Request - Edit,Y,m,,item-group/view,Coding Request (View),,,
3472,3471,study-cds-coding-request,Coding Request,Y,c,E,,,,,
3473,3470,item-group/view,Coding Request,Y,m,,,,,,
3474,3473,study-cds-coding-request,Coding Request,Y,c,V,,,,,
3475,3450,programming-instructions,Programming Request,Y,m,,programming-instructions-view,Programming Instructions (View),,,
3476,3475,item-group/edit,Programming Request - Edit,Y,m,,item-group/view,Programming Instructions (View),,,
3477,3476,study-cds-programming-instructions,Programming Request,Y,c,E,,,,,
3478,3475,item-group/view,Programming Request,Y,m,,,,,,
3479,3478,study-cds-programming-instructions,Programming Request,Y,c,V,,,,,
3500,1000,dm-imi/quality-group,Quality,Y,m,,,,,,
3501,3500,quality-review,Quality Review,Y,m,,quality-review-view,Quality Review (View),,,for kpi and kpi dashboards
3502,3501,study-quality-review,Quality Review,Y,c,E,,,,,
3503,3500,quality-review-view,Quality Review,Y,m,,,,,,for kpi and kpi dashboards
3504,3503,study-quality-review,Quality Review,Y,c,V,,,,,
3505,3500,kpis,KPIs,Y,m,,kpis-view,KPIs (View),,,"separate comp code not declared in RoleMatrix, hence using study-kpi"
3506,3505,study-kpis,KPIs,Y,c,E,,,,,
3507,3500,kpis-view,KPIs,Y,m,,,,,,"separate comp code not declared in RoleMatrix, hence using study-kpi"
3508,3507,study-kpis,KPIs,Y,c,V,,,,,
3509,3500,kpi-dashboard,KPI Dashboard,Y,m,,kpi-dashboard-view,KPI Dashboard (View),,,
3510,3509,study-kpis,KPI Dashboard,Y,c,E,,,,,
3511,3500,kpi-dashboard-view,KPI Dashboard,Y,m,,,,,,
3512,3511,study-kpis,study-kpis,Y,c,V,,,,,
3513,3500,edc-user-access,EDC User Access,Y,m,,edc-user-access-view,EDC Access (View),,,
3514,3513,study-edc-access,EDC User Access,Y,c,E,,,,,
3515,3500,edc-user-access-view,EDC User Access,Y,m,,,,,,
3516,3515,study-edc-access,EDC User Access,Y,c,V,,,,,
3517,3500,tmf-qc,TMF QC,Y,m,,tmf-qc-view,TMF QC (View),,,
3518,3517,study-tmf-qc,TMF QC,Y,c,E,,,,,
3519,3500,tmf-qc-view,TMF QC,Y,m,,,,,,
3520,3519,study-tmf-qc,TMF QC,Y,c,V,,,,,Not sure this is required
3550,1000,dm-imi/local-labs,Local Labs,Y,m,,local-labs-view,Local Lab (View),,,
3551,3550,study-local-labs,Local Labs,Y,c,E,,,,,Not sure this is required
3552,1000,dm-imi/local-labs-view,Local Labs,Y,m,,,,,,
3553,3552,study-local-labs,Local Labs,Y,c,V,,,,,
3554,1000,dm-imi/fte-computations,FTE Computations,Y,m,,,,,,
3555,3554,study-fte-computations,FTE Computations,Y,c,E,,,,,
3556,1000,dm-imi/gsk-group,GSK,Y,m,,,,,,
3557,3556,study-gsk,GSK,Y,c,E,,,,,
4000,1000,dm-imi/imi-review-group,IMI Review,Y,m,,,,,,
4001,4000,imi-review-signoff,IMI Review Signoff,Y,m,,imi-review-signoff-view,Signoff (View),,,
4002,4001,study-imi-review-signoff,IMI Review Signoff,Y,c,E,,,,,
4003,4000,imi-review-signoff-view,IMI Review Signoff,Y,m,,,,,,
4004,4003,study-imi-review-signoff,IMI Review Signoff,Y,c,V,,,,,
4005,4000,imi-review-categories,IMI Review Categories,Y,m,,imi-review-categories-view,Review Categories (View),,,
4006,4005,study-imi-review-categories,IMI Review Categories,Y,c,E,,,,,
4007,4000,imi-review-categories-view,IMI Review Categories,Y,m,,,,,,
4008,4007,study-imi-review-categories,IMI Review Categories,Y,c,V,,,,,
4009,4000,issue-tracker,IMI Project Issue Tracker,Y,m,,issue-tracker-view,Project Issue Tracker (View),,,
4010,4009,study-imi-project-issue-tracker,IMI Project Issue Tracker,Y,c,E,,,,,
4011,4000,issue-tracker-view,IMI Project Issue Tracker,Y,m,,,,,,
4012,4011,study-imi-project-issue-tracker,IMI Project Issue Tracker,Y,c,V,,,,,
4013,4000,review-history,IMI Project Review History,Y,m,,review-history-view,Project Review History (View),,,
4014,4013,study-imi-project review-history,IMI Project Review History,Y,c,E,,,,,
4015,4000,review-history-view,IMI Project Review History,Y,m,,,,,,
4016,4015,study-imi-project review-history,IMI Project Review History,Y,c,V,,,,,
4050,1000,dm-imi/imi-description-assumptions,IMI Description,N,m,,,,,,
4051,4050,description,IMI Details,N,m,,description-view,Details (View),,,
4052,4051,study-imi-details,IMI Details,N,c,E,,,,,
4053,4050,description-view,IMI Details,N,m,,,,,,
4054,4053,study-imi-details,IMI Details,N,c,V,,,,,
4055,4050,assumptions,IMI Assumptions,N,m,,assumptions-view,Assumptions (View),,,
4056,4055,study-imi-assumptions,IMI Assumptions,N,c,E,,,,,
4057,4050,assumptions-view,IMI Assumptions,N,m,,,,,,
4058,4057,study-imi-assumptions,IMI Assumptions,N,c,V,,,,,
4100,1000,dm-imi/imi-resources,IMI Resources,Y,m,,imi-resources-view,IMI Resources (View),,,
4101,4100,study-imi-resources,IMI Resources,Y,c,E,,,,,
4102,1000,dm-imi/imi-resources-view,IMI Resources,Y,m,,,,,,
4103,4102,study-imi-resources,IMI Resources,Y,c,V,,,,,
4150,1000,dm-imi/imi-timelines,IMI Timelines,Y,m,,imi-timelines-view,IMI Timelines (View),,,
4151,4150,study-imi-timelines,IMI Timelines,Y,c,E,,,,,
4152,1000,dm-imi/imi-timelines-view,IMI Timelines,Y,m,,,,,,
4153,4152,study-imi-timelines,IMI Timelines,Y,c,V,,,,,
4200,1000,dm-imi/imi-status,IMI Study Status,Y,m,,imi-status-view,IMI Study Status (View),,,
4201,4200,study-imi-status,IMI Study Status,Y,c,E,,,,,
4202,1000,dm-imi/imi-status-view,IMI Study Status,Y,m,,,,,,
4203,4202,study-imi-status,IMI Study Status,Y,c,V,,,,,
4260,1000,dm-imi/imi-trackers-group,IMI Trackers,Y,m,,,,,,
4261,4260,imi-ra-devp-request,IMI R&A Trackers - IMI R&A Development Request,Y,m,,imi-ra-devp-request-view,IMI R&A Development Request (View),,,
4262,4261,study-imi-r&a-development-request,IMI R&A Trackers - IMI R&A Development Request,Y,c,E,,,,,
4263,4260,imi-ra-devp-request-view,IMI R&A Trackers - IMI R&A Development Request,Y,m,,,,,,
4264,4263,study-imi-r&a-development-request,IMI R&A Trackers - IMI R&A Development Request,Y,c,V,,,,,
4265,4260,imi-ra-output-request,IMI R&A Trackers - IMI R&A Output Request,Y,m,,imi-ra-output-request-view,IMI R&A Output Request (View),,,
4266,4265,study-imi-r&a-output-request,IMI R&A Trackers - IMI R&A Output Request,Y,c,E,,,,,
4267,4260,imi-ra-output-request-view,IMI R&A Trackers - IMI R&A Output Request,Y,m,,,,,,
4268,4267,study-imi-r&a-output-request,IMI R&A Trackers - IMI R&A Output Request,Y,c,V,,,,,
4500,1000,crm/crm-study-award-management,CRM Study Awards,Y,m,,crm-study-award-management-view,CRM Study Awards  (View),,,
4501,4500,study-crm-award,CRM Study Awards,Y,c,E,,,,,
4502,1000,crm/crm-study-award-management-view,CRM Study Awards,Y,m,,,,,,
4503,4502,study-crm-award,CRM Study Awards,Y,c,V,,,,,
4504,1000,crm/crm-study-details,CRM Description,Y,m,,crm-study-details-view,CRM Description  (View),,,
4505,4504,study-crm-description,CRM Description,Y,c,E,,,,,
4506,1000,crm/crm-study-details-view,CRM Description,Y,m,,,,,,
4507,4506,study-crm-description,CRM Description,Y,c,V,,,,,
4508,1000,crm/crm-study-timelines,CRM Timelines,Y,m,,crm-study-timelines-view,CRM Timelines  (View),,,
4509,4508,study-crm-timelines,CRM Timelines,Y,c,E,,,,,
4510,1000,crm/crm-study-timelines-view,CRM Timelines,Y,m,,,,,,
4511,4510,study-crm-timelines,CRM Timelines,Y,c,V,,,,,
4512,1000,crm/crm-study-resources,CRM Resources,Y,m,,crm-study-resources-view,CRM Resources (View),,,
4513,4512,study-crm-resources,CRM Resources,Y,c,E,,,,,
4514,1000,crm/crm-study-resources-view,CRM Resources,Y,m,,,,,,
4515,4514,study-crm-resources,CRM Resources,Y,c,V,,,,,
4516,1000,crm/crm-budget,CRM Budget,Y,m,,crm-budget-view,CRM Budget (View),,,
4517,4516,study-crm-budget,CRM Budget,Y,c,E,,,,,
4518,1000,crm/crm-budget-view,CRM Budget,Y,m,,,,,,
4519,4518,study-crm-budget,CRM Budget,Y,c,V,,,,,
4520,1000,crm/crm-study-analysis-planning,CRM Analysis Planning,Y,m,,crm-study-analysis-planning-view,CRM Analysis Planning (View),,,
4521,4520,study-crm-analysis-planning,CRM Analysis Planning,Y,c,E,,,,,
4522,1000,crm/crm-study-analysis-planning-view,CRM Analysis Planning,Y,m,,,,,,
4523,4522,study-crm-analysis-planning,CRM Analysis Planning,Y,c,V,,,,,
4524,1000,crm/crm-project-governance,CRM Project Governance,Y,m,,,,,,
4525,4524,crm-project-governance-setup,CRM Project Governance - Set-up,Y,m,,crm-project-governance-setup-view,Setup (View),,,
4526,4525,study-crm-project-governance-setup,CRM Project Governance - Set-up,Y,c,E,,,,,
4527,4524,crm-project-governance-setup-view,CRM Project Governance,Y,m,,,,,,
4528,4527,study-crm-project-governance-setup,CRM Project Governance,Y,c,V,,,,,
4529,4524,crm-project-governance-ongoing,CRM Project Governance - Ongoing,Y,m,,crm-project-governance-ongoing-view,Governance (View),,,
4530,4529,study-crm-project-governance-on-ongoing,CRM Project Governance - Ongoing,Y,c,E,,,,,
4531,4524,crm-project-governance-ongoing-view,CRM Project Governance,Y,m,,,,,,
4532,4531,study-crm-project-governance-on-ongoing,CRM Project Governance,Y,c,V,,,,,
4533,4524,crm-project-governance-analysis,CRM Project Governance - Analysis,Y,m,,crm-project-governance-analysis-view,Analysis (View),,,
4534,4533,study-crm-project-governance-analysis,CRM Project Governance - Analysis,Y,c,E,,,,,
4535,4524,crm-project-governance-analysis-view,CRM Project Governance,Y,m,,,,,,
4536,4535,study-crm-project-governance-analysis,CRM Project Governance,Y,c,V,,,,,
4537,4524,crm-project-governance-closure,CRM Project Governance - Closure,Y,m,,crm-project-governance-closure-view,Closure (View),,,
4538,4537,study-crm-project-governance-closure,CRM Project Governance - Closure,Y,c,E,,,,,
4539,4524,crm-project-governance-closure-view,CRM Project Governance,Y,m,,,,,,
4540,4539,study-crm-project-governance-closure,CRM Project Governance,Y,c,V,,,,,
5050,1000,dm-crm/study-edit,Study Edit,Y,m,,,,,,
5051,5050,study-edit,Study Edit,Y,c,E,,,,,
5100,1000,dm-crm/review,Project Review,Y,m,,,,,,
5101,5100,sign-off,Review Signoff,Y,m,,sign-off-view,Review Signoff (View),,,
5102,5101,study-proj-review-sign-off,Review Signoff,Y,c,E,,,,,
5103,5100,sign-off-view,Review Signoff,Y,m,,,,,,
5104,5103,study-proj-review-sign-off,Review Signoff,Y,c,V,,,,,
5105,5100,review-categories,Project Status Categories,Y,m,,review-categories-view,Project Status Categories (View),,,
5106,5105,study-proj-review-categories,Project Status Categories,Y,c,E,,,,,
5107,5100,review-categories-view,Project Status Categories,Y,m,,,,,,
5108,5107,study-proj-review-categories,Project Status Categories,Y,c,V,,,,,
5109,5100,issue-tracker,Project Issue Tracker,Y,m,,issue-tracker-view,Project Issue Tracker (View),,,
5110,5109,study-proj-review-issue-tracker,Project Issue Tracker,Y,c,E,,,,,
5111,5100,issue-tracker-view,Project Issue Tracker,Y,m,,,,,,
5112,5111,study-proj-review-issue-tracker,Project Issue Tracker,Y,c,V,,,,,
5113,5100,review-history,Project History,Y,m,,,,,,
5114,5113,study-proj-review-history,Project History,Y,c,V,,,,,
5115,5100,offline-checks,Offline Checks,Y,m,,offline-checks-view,Offline Checks (View),,"Not Working, need to test",
5116,5115,study-proj-review-offline-checks,Offline Checks,Y,c,E,,,,,
5117,5100,offline-checks-view,Offline Checks,Y,m,,,,,,
5118,5117,study-proj-review-offline-checks,Offline Checks,Y,c,V,,,,,
5119,5100,archived-reviews,Archived Reviews,Y,m,,,,,,
5120,5119,project-review-sign-off,Archived Reviews,Y,m,,,,,,
5121,5120,study-proj-review-archived-list,Archived Reviews,Y,c,V,,,,,
5122,5119,project-issue-list,Archived Reviews,Y,m,,,,,,
5123,5122,study-pro-review-issue-list-archived,Archived Reviews,Y,c,V,,,,,
5124,5119,archived-project-review-history,Archived Reviews,Y,m,,,,,,
5125,5124,study-proj-review-history-archived-list,Archived Reviews,Y,c,V,,,,,
5126,5119,timeline-history,Archived Reviews,Y,m,,,,,,
5127,5126,study-proj-review-timelines-archived,Archived Reviews,Y,c,V,,,,,
5200,1000,dm-crm/description-assumptions,Study Details,Y,m,,,,,,
5201,5200,description,Study Details,Y,m,,description-view,Study Details (View),,,
5202,5201,study-description,Study Details,Y,c,E,,,,,
5203,5200,description-view,View,Y,m,,,,,,
5204,5203,study-description,View,Y,c,V,,,,,
5205,5200,other-icon-departments,Other Departments,Y,m,,other-icon-departments-view,Other Icon Departments (View),,,
5206,5205,study-other-icon-departments,Other Departments,Y,c,E,,,,,
5207,5200,other-icon-departments-view,View,Y,m,,,,,,
5208,5207,study-other-icon-departments,View,Y,c,V,,,,,
5209,5200,assumptions,Assumptions,Y,m,,assumptions-view,Assumptions (View),,,
5210,5209,study-assumptions,Assumptions,Y,c,E,,,,,
5211,5200,assumptions-view,Assumptions,Y,m,,,,,,
5212,5211,study-assumptions,Assumptions,Y,c,V,,,,,
5250,1000,dm-crm/resources-group,Resources,Y,m,,,,,,
5251,5250,study-resources,Resources,Y,m,,study-resources-view,Resources (View),,,
5252,5251,study-resources,Resources,Y,c,E,,,,,
5253,5250,study-resources-view,Resources,Y,m,,,,,,
5254,5253,study-resources,Resources,Y,c,V,,,,,
5255,5250,fte-resources,FTE Resources,Y,m,,fte-resources-view,FTE Resources (View),,,
5256,5255,study-fte-resources,FTE Resources,Y,c,E,,,,,
5257,5250,fte-resources-view,FTE Resources,Y,m,,,,,,
5258,5257,study-fte-resources,FTE Resources,Y,c,V,,,,,
5300,1000,dm-crm/timeline,Timelines,Y,m,,,,,,
5301,5300,time-line,Timelines,Y,m,,time-line-view,Timelines (View),,,
5302,5301,study-timelines,Timelines,Y,c,E,,,,,
5303,5300,time-line-view,Timelines,Y,m,,,,,,
5304,5303,study-timelines,Timelines,Y,c,V,,,,,
5305,5300,deliverables,Deliverables,Y,m,,deliverables-view,Deliverables (View),,,
5306,5305,study-deliverables,Deliverables,Y,c,E,,,,,
5307,5300,deliverables-view,Deliverables,Y,m,,,,,,
5308,5307,study-deliverables,Deliverables,Y,c,V,,,,,
5309,5300,celgene-deliverables,Celgene Deliverables,Y,m,,celgene-deliverables-view,Celgene Deliverables (View),,,
5310,5309,study-celgene-deliverables,Celgene Deliverables,Y,c,E,,,,,
5311,5300,celgene-deliverables-view,Celgene Deliverables,Y,m,,,,,,
5312,5311,study-celgene-deliverables,Celgene Deliverables,Y,c,V,,,,,
5313,5300,interim-locks,Interim Locks,Y,m,,interim-locks-view,Inerim Locks (View),,,
5314,5313,study-interim-locks,Interim Locks,Y,c,E,,,,,
5315,5300,interim-locks-view,Interim Locks,Y,m,,,,,,
5316,5315,study-interim-locks,Interim Locks,Y,c,V,,,,,
5350,1000,dm-crm/status-pageflow,Status / Pageflow,Y,m,,,,,,
5351,5350,status,Study Status,Y,m,,status-view,Study Status (View),,,
5352,5351,study-status,Study Status,Y,c,E,,,,,
5353,5350,status-view,Study Status,Y,m,,,,,,
5354,5353,study-status,Study Status,Y,c,V,,,,,
5355,5350,pageflow,Page Flow,Y,m,,pageflow-view,Pageflow (View),,,
5356,5355,study-pageflow,Page Flow,Y,c,E,,,,,
5357,5350,pageflow-view,Page Flow,Y,m,,,,,,
5358,5357,study-pageflow,Page Flow,Y,c,V,,,,,
5400,1000,dm-crm/external-data-list,External Data,Y,m,,external-data-view,External Data (View),,,
5401,5400,study-external-data,External Data,Y,c,E,,,,,
5402,1000,dm-crm/external-data-view,External Data,Y,m,,,,,,
5403,5402,study-external-data,External Data,Y,c,V,,,,,
5420,1000,dm-crm/dbl-main,Database Lock Dashboard,Y,m,,dbl-main-view,Database Lock Dashboard (View),,,
5421,5420,study-database-lock-dashboard,Database Lock Dashboard,Y,c,E,,,,,
5422,1000,dm-crm/dbl-main-view,Database Lock Dashboard,Y,m,,,,,,
5423,5422,study-database-lock-dashboard,Database Lock Dashboard,Y,c,V,,,,,
5450,1000,dm-crm/tasks-group,Tasks,Y,m,,,,,,
5451,5450,database-build,Database Build,Y,m,,,,,,
5452,5451,study-task-database-build,Database Build,Y,c,E,,,,,
5453,5450,programming,Programming,Y,m,,,,,,
5454,5453,study-task-programming,Programming,Y,c,E,,,,,
5455,5450,data-processing,Data Processing,Y,m,,,,,,
5456,5455,study-task-data-processing,Data Processing,Y,c,E,,,,,
5500,1000,dm-crm/cdms-group,CDMS,Y,m,,,,,,
5501,5500,cdms,CDMS,Y,m,,cdms-view,CDMS (View),,,
5502,5501,study-cdms,CDMS,Y,c,E,,,,,
5503,5500,cdms-view,CDMS,Y,m,,,,,,
5504,5503,study-cdms,CDMS,Y,c,V,,,,,
5505,5500,cdms-extract-specification,CDMS Extraction Specification,Y,m,,cdms-extract-specification-view,CDMS Extraction Specification (View),,,
5506,5505,study-cdms-extract-specification,CDMS Extraction Specification,Y,c,E,,,,,
5507,5500,cdms-extract-specification-view,CDMS,Y,m,,,,,,
5508,5507,study-cdms-extract-specification,CDMS,Y,c,V,,,,,
5509,5500,cdms-cppc,CDMS CPPC,Y,m,,cdms-cppc-view,CDMS CPPC (View),,,
5510,5509,study-cdms-cppc,CDMS CPPC,Y,c,E,,,,,
5511,5500,cdms-cppc-view,CDMS CPPC,Y,m,,,,,,
5512,5511,study-cdms-cppc,CDMS CPPC,Y,c,V,,,,,
5513,5500,cdms-tracker,CDMS Tracker,Y,m,,cdms-tracker-view,CDMS Tracker (View),,,
5514,5513,item-group/edit,CDMS Tracker - Edit,Y,m,,item-group/view,CDMS Tracker (View),,,
5515,5514,study-cdms-tracker,CDMS Tracker - Edit,Y,c,E,,,,,
5516,5513,item-group/view,CDMS Tracker,Y,m,,,,,,
5517,5516,study-cdms-tracker,CDMS Tracker,Y,c,V,,,,,
5518,5500,third-party-cdms-tracker,Clininfo CDMS Tracker,Y,m,,third-party-cdms-tracker-view,Clininfo CDMS Tracker (View),,,
5519,5518,item-group/edit,Clininfo CDMS Tracker - Edit,Y,m,,item-group/view,Clininfo CDMS Tracker (View),,,
5520,5519,study-cdms-clininfo-tracker,Clininfo CDMS Tracker - Edit,Y,c,E,,,,,
5521,5518,item-group/view,Clininfo CDMS Tracker,Y,m,,,,,,
5522,5521,study-cdms-clininfo-tracker,Clininfo CDMS Tracker,Y,c,V,,,,,
5550,1000,dm-crm/cds-group,CDS,Y,m,,,,,,
5551,5550,cds,CDS,Y,m,,cds-view,CDS (View),,,
5552,5551,study-cds,CDS,Y,c,E,,,,,
5553,5550,cds-view,CDS,Y,m,,,,,,
5554,5553,study-cds,CDS,Y,c,V,,,,,
5555,5550,development-request,Development Request,Y,m,,development-request-view,Development Request (View),,,
5556,5555,item-group/edit,Development Request - Edit,Y,m,,item-group/view,Development Request (View),,,
5557,5556,study-cds-development-request,Development Request,Y,c,E,,,,,
5558,5555,item-group/view,Development Request,Y,m,,,,,,
5559,5558,study-cds-development-request,Development Request,Y,c,V,,,,,
5560,5550,output-request,Output Request,Y,m,,output-request-view,Output Request (View),,,
5561,5560,item-group/edit,Output Request - Edit,Y,m,,item-group/view,Output Request (View),,,
5562,5561,study-cds-output-request,Output Request - Edit,Y,c,E,,,,,
5563,5560,item-group/view,Output Request,Y,m,,,,,,
5564,5563,study-cds-output-request,Output Request,Y,c,V,,,,,
5565,5550,delivery-request,Delivery Request,Y,m,,delivery-request-view,Delivery Request (View),,,
5566,5565,item-group/edit,Delivery Request - Edit,Y,m,,item-group/view,Delivery Request (View),,,
5567,5566,study-cds-delivery-request,Delivery Request - Edit,Y,c,E,,,,,
5568,5565,item-group/view,Delivery Request,Y,m,,,,,,
5569,5568,study-cds-delivery-request,Delivery Request,Y,c,V,,,,,
5570,5550,coding-request,Coding Request,Y,m,,coding-request-view,Coding Request (View),,,
5571,5570,item-group/edit,Coding Request - Edit,Y,m,,item-group/view,Coding Request (View),,,
5572,5571,study-cds-coding-request,Coding Request - Edit,Y,c,E,,,,,
5573,5570,item-group/view,Coding Request,Y,m,,,,,,
5574,5573,study-cds-coding-request,Coding Request,Y,c,V,,,,,
5575,5550,programming-instructions,Programming Request,Y,m,,programming-instructions-view,Programming Instructions (View),,,
5576,5575,item-group/edit,Programming Request - Edit,Y,m,,item-group/view,Programming Instructions (View),,,
5577,5576,study-cds-programming-instructions,Programming Request - Edit,Y,c,E,,,,,
5578,5575,item-group/view,Programming Request,Y,m,,,,,,
5579,5578,study-cds-programming-instructions,Programming Request,Y,c,V,,,,,
5600,1000,dm-crm/quality-group,Quality,Y,m,,,,,,
5601,5600,quality-review,Quality Review,Y,m,,quality-review-view,Quality Review (View),,,for kpi and kpi dashboards
5602,5601,study-quality-review,Quality Review,Y,c,E,,,,,
5603,5600,quality-review-view,Quality Review,Y,m,,,,,,for kpi and kpi dashboards
5604,5603,study-quality-review,Quality Review,Y,c,V,,,,,
5605,5600,kpis,KPIs,Y,m,,kpis-view,KPIs (View),,,"separate comp code not declared in RoleMatrix, hence using study-kpi"
5606,5605,study-kpis,KPIs,Y,c,E,,,,,
5607,5600,kpis-view,KPIs,Y,m,,,,,,"separate comp code not declared in RoleMatrix, hence using study-kpi"
5608,5607,study-kpis,KPIs,Y,c,V,,,,,
5609,5600,kpi-dashboard,KPI Dashboard,Y,m,,kpi-dashboard-view,KPI Dashboard (View),,,
5610,5609,study-kpis,KPI Dashboard,Y,c,E,,,,,
5611,5600,kpi-dashboard-view,KPI Dashboard,Y,m,,,,,,
5612,5611,study-kpis,study-kpis,Y,c,V,,,,,
5613,5600,edc-user-access,EDC User Access,Y,m,,edc-user-access-view,EDC Access (View),,,
5614,5613,study-edc-access,EDC User Access,Y,c,E,,,,,
5615,5600,edc-user-access-view,EDC User Access,Y,m,,,,,,
5616,5615,study-edc-access,EDC User Access,Y,c,V,,,,,
5617,5600,tmf-qc,TMF QC,Y,m,,tmf-qc-view,TMF QC (View),,,
5618,5617,study-tmf-qc,TMF QC,Y,c,E,,,,,
5619,5600,tmf-qc-view,TMF QC,Y,m,,,,,,
5620,5619,study-tmf-qc,TMF QC,Y,c,V,,,,,Not sure this is required
5621,1000,dm-crm/local-labs,Local Labs,Y,m,,local-labs-view,Local Labs (View),,,
5622,5621,study-local-labs,Local Labs,Y,c,E,,,,,Not sure this is required
5623,1000,dm-crm/local-labs-view,Local Labs,Y,m,,,,,,
5624,5623,study-local-labs,Local Labs,Y,c,V,,,,,
5625,1000,dm-crm/fte-computations,FTE Computations,Y,m,,,,,,
5626,5625,study-fte-computations,FTE Computations,Y,c,E,,,,,
5627,1000,dm-crm/gsk-group,GSK,Y,m,,,,,,
5628,5627,study-gsk,GSK,Y,c,V,,,,,
5629,1000,dm-crm/study-info,Study Info,Y,m,,,,,,
5630,5629,study-info,Study Info,Y,c,c,,,,,
5800,1000,dm-crm/crm-study-award-management,CRM Study Awards,Y,m,,crm-study-award-management-view,CRM Study Awards  (View),,,
5801,5800,study-crm-award,CRM Study Awards,Y,c,E,,,,,
5802,1000,dm-crm/crm-study-award-management-view,CRM Study Awards,Y,m,,,,,,
5803,5802,study-crm-award,CRM Study Awards,Y,c,V,,,,,
5804,1000,dm-crm/crm-study-details,CRM Description,Y,m,,crm-study-details-view,CRM Description  (View),,,
5805,5804,study-crm-description,CRM Description,Y,c,E,,,,,
5806,1000,dm-crm/crm-study-details-view,CRM Description,Y,m,,,,,,
5807,5806,study-crm-description,CRM Description,Y,c,V,,,,,
5808,1000,dm-crm/crm-study-timelines,CRM Timelines,Y,m,,crm-study-timelines-view,CRM Timelines  (View),,,
5809,5808,study-crm-timelines,CRM Timelines,Y,c,E,,,,,
5810,1000,dm-crm/crm-study-timelines-view,CRM Timelines,Y,m,,,,,,
5811,5810,study-crm-timelines,CRM Timelines,Y,c,V,,,,,
5812,1000,dm-crm/crm-study-resources,CRM Resources,Y,m,,crm-study-resources-view,CRM Resources (View),,,
5813,5812,study-crm-resources,CRM Resources,Y,c,E,,,,,
5814,1000,dm-crm/crm-study-resources-view,CRM Resources,Y,m,,,,,,
5815,5814,study-crm-resources,CRM Resources,Y,c,V,,,,,
5816,1000,dm-crm/crm-budget,CRM Budget,Y,m,,crm-budget-view,CRM Budget (View),,,
5817,5816,study-crm-budget,CRM Budget,Y,c,E,,,,,
5818,1000,dm-crm/crm-budget-view,CRM Budget,Y,m,,,,,,
5819,5818,study-crm-budget,CRM Budget,Y,c,V,,,,,
5820,1000,dm-crm/crm-study-analysis-planning,CRM Analysis Planning,Y,m,,crm-study-analysis-planning-view,CRM Analysis Planning (View),,,
5821,5820,study-crm-analysis-planning,CRM Analysis Planning,Y,c,E,,,,,
5822,1000,dm-crm/crm-study-analysis-planning-view,CRM Analysis Planning,Y,m,,,,,,
5823,5822,study-crm-analysis-planning,CRM Analysis Planning,Y,c,V,,,,,
5824,1000,dm-crm/crm-project-governance,CRM Project Governance - Set-up,Y,m,,,,,,
5825,5824,crm-project-governance-setup,CRM Project Governance - Set-up,Y,m,,crm-project-governance-setup-view,Setup (View),,,
5826,5825,study-crm-project-governance-setup,CRM Project Governance,Y,c,E,,,,,
5827,5824,crm-project-governance-setup-view,CRM Project Governance,Y,m,,,,,,
5828,5827,study-crm-project-governance-setup,CRM Project Governance,Y,c,V,,,,,
5829,5824,crm-project-governance-ongoing,CRM Project Governance - Ongoing,Y,m,,crm-project-governance-ongoing-view,Governance (View),,,
5830,5829,study-crm-project-governance-on-ongoing,CRM Project Governance - Ongoing,Y,c,E,,,,,
5831,5824,crm-project-governance-ongoing-view,CRM Project Governance,Y,m,,,,,,
5832,5831,study-crm-project-governance-on-ongoing,CRM Project Governance,Y,c,V,,,,,
5833,5824,crm-project-governance-analysis,CRM Project Governance - Analysis,Y,m,,crm-project-governance-analysis-view,Analysis (View),,,
5834,5833,study-crm-project-governance-analysis,CRM Project Governance - Analysis,Y,c,E,,,,,
5835,5824,crm-project-governance-analysis-view,CRM Project Governance,Y,m,,,,,,
5836,5835,study-crm-project-governance-analysis,CRM Project Governance,Y,c,V,,,,,
5837,5824,crm-project-governance-closure,CRM Project Governance - Closure,Y,m,,crm-project-governance-closure-view,Closure (View),,,
5838,5837,study-crm-project-governance-closure,CRM Project Governance - Closure,Y,c,E,,,,,
5839,5824,crm-project-governance-closure-view,CRM Project Governance,Y,m,,,,,,
5840,5839,study-crm-project-governance-closure,CRM Project Governance,Y,c,V,,,,,
6000,,cds-trackers,CDS & Coding Trackers,Y,m,,,,,,
6001,6000,development-request,Development Request,Y,m,,,,,,
6002,6001,item-group/edit,Development Request,Y,m,,,,,,
6003,6002,cds-development-request,Development Request,Y,c,E,,,,,
6004,6001,item-group/view,Development Request,Y,m,,,,,,
6005,6004,cds-development-request,Development Request,Y,c,V,,,,,
6006,6000,output-request,Output Request,Y,m,,,,,,
6007,6006,item-group/edit,Output Request,Y,m,,,,,,
6008,6007,cds-output-request,Output Request,Y,c,E,,,,,
6009,6006,item-group/view,Output Request,Y,m,,,,,,
6010,6009,cds-output-request,Output Request,Y,c,V,,,,,
6011,6000,delivery-request,Delivery Request,Y,m,,,,,,
6012,6011,item-group/edit,Delivery Request,Y,m,,,,,,
6013,6012,cds-delivery-request,Delivery Request,Y,c,E,,,,,
6014,6011,item-group/view,Delivery Request,Y,m,,,,,,
6015,6014,cds-delivery-request,Delivery Request,Y,c,E,,,,,
6016,6000,instruction-request,Instruction Request,Y,m,,,,,,
6017,6016,item-group/edit,Instruction Request,Y,m,,,,,,
6018,6017,cds-instruction-request,Instruction Request,Y,c,E,,,,,
6019,6016,item-group/view,Instruction Request,Y,m,,,,,,
6020,6019,cds-instruction-request,Instruction Request,Y,c,E,,,,,
6021,6000,coding-request,Coding Request,Y,m,,,,,,
6022,6021,item-group/edit,Coding Request,Y,m,,,,,,
6023,6022,cds-coding-request,Coding Request,Y,c,E,,,,,
6024,6021,item-group/view,Coding Request,Y,m,,,,,,
6025,6024,cds-coding-request,Coding Request,Y,c,E,,,,,
6500,,imi-ra-trackers,IMI R&A Trackers,Y,m,,,,,,
6501,6500,imi-ra-dev-req-group,IMI R&A Trackers - IMI R&A Development Request,Y,m,,,,,,
6502,6501,item-group/edit,IMI R&A Trackers - IMI R&A Development Request,Y,m,,,,,,
6503,6502,imi-r&a-tracker-development-request,IMI R&A Trackers - IMI R&A Development Request,Y,c,E,,,,,
6504,6501,item-group/view,IMI R&A Trackers - IMI R&A Development Request,Y,m,,,,,,
6505,6504,imi-r&a-tracker-development-request,IMI R&A Trackers - IMI R&A Development Request,Y,c,V,,,,,
6506,6500,imi-ra-output-req-group,IMI R&A Trackers - IMI R&A Output Request,Y,m,,,,,,
6507,6506,item-group/edit,IMI R&A Trackers - IMI R&A Output Request,Y,m,,,,,,
6508,6507,imi-r&a-tracker-output-request,IMI R&A Trackers - IMI R&A Output Request,Y,c,E,,,,,
6509,6506,item-group/view,IMI R&A Trackers - IMI R&A Output Request,Y,m,,,,,,
6510,6509,imi-r&a-tracker-output-request,IMI R&A Trackers - IMI R&A Output Request,Y,c,V,,,,,
7000,,process-improvement-trackers,Process Improvement Trackers,Y,m,,,,,,
7001,7000,dm-process-improvement-tracker,Process Improvement Trackers,Y,c,E,,,,,
7500,,crm-trackers,CRM Trackers,Y,m,,,,,,
7501,7500,crm-tracker-3,CRM Trackers - Tracker 3,Y,m,,,,,,
7502,7501,crm-tracker-3,CRM Trackers - Tracker 3,Y,c,E,,,,,
7503,7500,crm-tracker-3-view,CRM Trackers - Tracker 3,Y,m,,,,,,
7504,7503,crm-tracker-3,CRM Trackers - Tracker 3,Y,c,V,,,,,
7505,7500,crm-tracker-4,CRM Trackers - Tracker 4,Y,m,,,,,,
7506,7505,crm-tracker-4,CRM Trackers - Tracker 4,Y,c,E,,,,,
7507,7500,crm-tracker-4-view,CRM Trackers - Tracker 4,Y,m,,,,,,
7508,7507,crm-tracker-4,CRM Trackers - Tracker 4,Y,c,V,,,,,
8000,,reports,Reports,Y,m,,,,,,
8050,8000,study,Study,Y,m,,,,,,
8051,8050,report-study-summary,Summary,Y,m,,,,,,
8052,8051,report-study-summary,Summary,Y,c,,,,,,
8053,8050,report-study-study-details,Study Details,Y,m,,,,,,
8054,8053,report-study-study-details,Study Details,Y,c,,,,,,
8055,8050,report-study-timelines,Timelines,Y,m,,,,,,
8056,8055,report-study-timelines,Timelines,Y,c,,,,,,
8057,8050,report-study-deliverables,Deliverables,Y,m,,,,,,
8058,8057,report-study-deliverables,Deliverables,Y,c,,,,,,
8059,8050,report-study-external-report,External Data Report,Y,m,,,,,,
8060,8059,report-study-external-report,External Data Report,Y,c,,,,,,
8061,8050,report-study-edc-phase,EDC Experience By Study Phase,Y,m,,,,,,
8062,8061,report-study-edc-phase,EDC Experience By Study Phase,Y,c,,,,,,
8063,8050,report-study-edc-system,EDC Study Status By System,Y,m,,,,,,
8064,8063,report-study-edc-system,EDC Study Status By System,Y,c,,,,,,
8065,8050,report-study-reports-summary,Reports Study DBL Summary,Y,m,,,,,,
8066,8065,report-study-reports-summary,Reports Study DBL Summary,Y,c,,,,,,
8067,8050,report-study-dm-owner-list,DM Study Owner List,Y,m,,,,,,
8068,8067,report-study-dm-owner-list,DM Study Owner List,Y,c,,,,,,
8069,8050,report-study-project-review-report,Project Review Report,Y,m,,,,,,
8070,8069,report-study-project-review-report,Project Review Report,Y,c,,,,,,
8071,8050,report-study-project-issue-tracker,Project Issue Tracker Report,Y,m,,,,,,
8072,8071,report-study-project-issue-tracker,Project Issue Tracker Report,Y,c,,,,,,
8073,8050,report-study-omr,OMR Report,Y,m,,,,,,
8074,8073,report-study-omr,OMR Report,Y,c,,,,,,
8075,8050,report-study-celgene-deliverables,Celgene Deliverables,Y,m,,,,,,
8076,8075,report-study-celgene-deliverables,Celgene Deliverables,Y,c,,,,,,
8077,8050,report-study-studygsk-kpi,Study GSK KPI,Y,m,,,,,,
8078,8077,report-study-studygsk-kpi,Study GSK KPI,Y,c,,,,,,
8079,8050,report-study-fte-report,FTE Resource Report,Y,m,,,,,,
8080,8079,report-study-fte-report,FTE Resource Report,Y,c,,,,,,
8081,8050,report-study-missing-qr-report,Missing QR Report,Y,m,,,,,,
8082,8081,report-study-missing-qr-report,Missing QR Report,Y,c,,,,,,
8083,8050,report-study-timeline-interim-lock-report,Timeline Interim Lock Report,Y,m,,,,,,
8084,8083,report-study-timeline-interim-lock-report,Timeline Interim Lock Report,Y,c,,,,,,
8100,8000,risks,Risks,Y,m,,,,,,
8101,8100,report-risk-tasks-at-risk,Reports - Risks - Tasks At Risk (List),Y,m,,,,,,
8102,8101,report-risk-tasks-at-risk,Reports - Risks - Tasks At Risk (List),Y,c,,,,,,
8103,8100,report-risk-tasks-flagged-as-alerts,Reports - Risks - Tasks Flagged as Alerts,Y,m,,,,,,
8104,8103,report-risk-tasks-flagged-as-alerts,Reports - Risks - Tasks Flagged as Alerts,Y,c,,,,,,
8105,8100,report-risk-riskscore-scatterplot,Reports - Risks - RiskScore (Graphical ScatterPlot),Y,m,,,,,,
8106,8105,report-risk-riskscore-scatterplot,Reports - Risks - RiskScore (Graphical ScatterPlot),Y,c,,,,,,
8107,8100,report-risk-tasks-frequency,Reports - Risks - Tasks AT Risk (Frequency),Y,m,,,,,,
8108,8107,report-risk-tasks-frequency,Reports - Risks - Tasks AT Risk (Frequency),Y,c,,,,,,
8109,8100,report-risk-riskscore-history-all-reviews,Reports - Risks - RiskScore History (List All Reviews),Y,m,,,,,,
8110,8109,report-risk-riskscore-history-all-reviews,Reports - Risks - RiskScore History (List All Reviews),Y,c,,,,,,
8111,8100,report-risk-riskscore-history-bar-chart,Reports - Risks - RiskScore History (Graphical Bar Chart),Y,m,,,,,,
8112,8111,report-risk-riskscore-history-bar-chart,Reports - Risks - RiskScore History (Graphical Bar Chart),Y,c,,,,,,
8150,8000,resources,Resources,Y,m,,,,,,
8151,8150,report-resource-summary,Reports - Resources - Resource Summary Report,Y,m,,,,,,
8152,8151,report-resource-summary,Reports - Resources - Resource Summary Report,Y,c,,,,,,
8153,8150,report-resource-assignment,Reports - Resources - Assignments,Y,m,,,,,,
8154,8153,report-resource-assignment,Reports - Resources - Assignments,Y,c,,,,,,
8155,8150,report-resource-fte-dashboard,Reports - Resources - FTE Dashboard,Y,m,,,,,,
8156,8155,report-resource-fte-dashboard,Reports - Resources - FTE Dashboard,Y,c,,,,,,
8200,8000,compliance,Compliance,Y,m,,,,,,
8201,8200,report-compliance-project-compliance,Reports - Compliance - Project Review Compliance,Y,m,,,,,,
8202,8201,report-compliance-project-compliance,Reports - Compliance - Project Review Compliance,Y,c,,,,,,
8203,8200,report-compliance-missing-forms-offline-checks,Reports - Compliance - Missing Forms and Pending Offline Checks,Y,m,,,,,,
8204,8203,report-compliance-missing-forms-offline-checks,Reports - Compliance - Missing Forms and Pending Offline Checks,Y,c,,,,,,
8205,8200,report-compliance-missing-forms,Reports - Compliance - Missing Forms,Y,m,,,,,,
8206,8205,report-compliance-missing-forms,Reports - Compliance - Missing Forms,Y,c,,,,,,
8207,8200,report-compliance-offline-checks,Reports - Compliance - Offline Mandatory Checks,Y,m,,,,,,
8208,8207,report-compliance-offline-checks,Reports - Compliance - Offline Mandatory Checks,Y,c,,,,,,
8250,8000,cds,CDS,Y,m,,,,,,
8251,8250,report-cds-development-task-request,Reports - CDS - CDS Development Task Request Report,Y,m,,,,,,
8252,8251,report-cds-development-task-request,Reports - CDS - CDS Development Task Request Report,Y,c,,,,,,
8253,8250,report-cds-output-task-request,Reports - CDS - CDS Output Task Request Report,Y,m,,,,,,
8254,8253,report-cds-output-task-request,Reports - CDS - CDS Output Task Request Report,Y,c,,,,,,
8255,8250,report-cds-delivery-task-request,Reports - CDS - CDS Delivery Task Request Report,Y,m,,,,,,
8256,8255,report-cds-delivery-task-request,Reports - CDS - CDS Delivery Task Request Report,Y,c,,,,,,
8257,8250,report-cds,Reports - CDS - CDS Report,Y,m,,,,,,
8258,8257,report-cds,Reports - CDS - CDS Report,Y,c,,,,,,
8259,8250,report-cds-instruction-task-request,Reports - CDS - CDS Instruction Task Request Report,Y,m,,,,,,
8260,8259,report-cds-instruction-task-request,Reports - CDS - CDS Instruction Task Request Report,Y,c,,,,,,
8261,8250,report-cds-validation-task-request,Reports - CDS - CDS Validation Task Request Report,Y,m,,,,,,
8262,8261,report-cds-validation-task-request,Reports - CDS - CDS Validation Task Request Report,Y,c,,,,,,
8263,8250,report-dm-process-improvement-tracker,Reports - CDS - DM Process Improvement Tracker Report,Y,m,,,,,,
8264,8263,report-dm-process-improvement-tracker,Reports - CDS - DM Process Improvement Tracker Report,Y,c,,,,,,
8300,8000,cdms,CDMS,Y,m,,,,,,
8301,8300,report-cdms-tasks-list,Reports- CDMS - CDMS Tasks (List),Y,m,,,,,,
8302,8301,report-cdms-tasks-list,Reports- CDMS - CDMS Tasks (List),Y,c,,,,,,
8303,8300,report-cdms-tasks-group,Reports- CDMS - CDMS Tasks (By Task Group),Y,m,,,,,,
8304,8303,report-cdms-tasks-group,Reports- CDMS - CDMS Tasks (By Task Group),Y,c,,,,,,
8305,8300,report-cdms,Reports- CDMS - CDMS,Y,m,,,,,,
8306,8305,report-cdms,Reports- CDMS - CDMS,Y,c,,,,,,
8307,8300,report-cdms-clininfo-list,Reports- CDMS - Clininfo CDMS Task (List),Y,m,,,,,,
8308,8307,report-cdms-clininfo-list,Reports- CDMS - Clininfo CDMS Task (List),Y,c,,,,,,
8309,8300,report-cdms-clininfo-group,Reports- CDMS - Clininfo CDMS Tasks (By Task Group),Y,m,,,,,,
8310,8309,report-cdms-clininfo-group,Reports- CDMS - Clininfo CDMS Tasks (By Task Group),Y,c,,,,,,
8350,8000,conding-request,Coding Request,Y,m,,,,,,
8351,8350,report-coding-task-request,Reports - Coding Request - Coding Task Request Report,Y,m,,,,,,
8352,8351,report-coding-task-request,Reports - Coding Request - Coding Task Request Report,Y,c,,,,,,
8400,8000,imi,IMI,Y,m,,,,,,
8401,8400,report-imi-timelines,Reports - IMI - IMI Timelines,Y,m,,,,,,
8402,8401,report-imi-timelines,Reports - IMI - IMI Timelines,Y,c,,,,,,
8403,8400,report-imi-review,Reports - IMI - IMI Review Report,Y,m,,,,,,
8404,8403,report-imi-review,Reports - IMI - IMI Review Report,Y,c,,,,,,
8405,8400,report-imi-issue-tracker,Reports - IMI - IMI Review Issue Tracker,Y,m,,,,,,
8406,8405,report-imi-issue-tracker,Reports - IMI - IMI Review Issue Tracker,Y,c,,,,,,
8407,8400,report-imi-reader-performance,Reports - IMI - IMI Reader Performance Report,Y,m,,,,,,
8408,8407,report-imi-reader-performance,Reports - IMI - IMI Reader Performance Report,Y,c,,,,,,
8409,8400,report-imi-review-compliance,Reports - IMI - IMI Review Compliance,Y,m,,,,,,
8410,8409,report-imi-review-compliance,Reports - IMI - IMI Review Compliance,Y,c,,,,,,
8411,8400,report-imi-cdms,Reports - IMI - IMI CDMS Report,Y,m,,,,,,
8412,8411,report-imi-cdms,Reports - IMI - IMI CDMS Report,Y,c,,,,,,
8413,8400,report-imi-dm-cdms,Reports - IMI - IMI DM CDMS,Y,m,,,,,,
8414,8413,report-imi-dm-cdms,Reports - IMI - IMI DM CDMS,Y,c,,,,,,
8415,8400,report-imi-cdms-task-list,Reports - IMI - IMI CDMS Task List,Y,m,,,,,,
8416,8415,report-imi-cdms-task-list,Reports - IMI - IMI CDMS Task List,Y,c,,,,,,
8417,8400,report-imi-cdms-task-group,Reports - IMI - IMI CDMS Task Group,Y,m,,,,,,
8418,8417,report-imi-cdms-task-group,Reports - IMI - IMI CDMS Task Group,Y,c,,,,,,
8419,8400,report-imi-r&a-development-request,Reports - IMI - IMI R&A Development Request Report,Y,m,,,,,,
8420,8419,report-imi-r&a-development-request,Reports - IMI - IMI R&A Development Request Report,Y,c,,,,,,
8421,8400,report-imi-r&a-output-request,Reports - IMI - IMI R&A Output Request Report,Y,m,,,,,,
8422,8421,report-imi-r&a-output-request,Reports - IMI - IMI R&A Output Request Report,Y,c,,,,,,
8500,8000,user,User,Y,m,,,,,,
8501,8500,report-user,Reports - User,Y,m,,,,,,
8502,8501,report-user,Reports - User,Y,c,,,,,,
8550,8000,export,Export,Y,m,,,,,,
8551,8550,export-dm,Reports - Export - Export Data (DM Studies),Y,m,,,,,,
8552,8551,export-dm,Reports - Export - Export Data (DM Studies),Y,c,,,,,,
8553,8550,export-cds,Reports - Export - CDS Export Data,Y,m,,,,,,
8554,8553,export-cds,Reports - Export - CDS Export Data,Y,c,,,,,,
8555,8550,export-cdms,Reports - Export - CDMS Export Data,Y,m,,,,,,
8556,8555,export-cdms,Reports - Export - CDMS Export Data,Y,c,,,,,,
8557,8550,export-imi,Reports - Export - IMI Export Data,Y,m,,,,,,
8558,8557,export-imi,Reports - Export - IMI Export Data,Y,c,,,,,,
8600,8000,crm,CRM,Y,m,,,,,,
8601,8600,crm-report1,Reports-CRM-Report1,Y,m,,,,,,
8602,8601,crm-report1,Reports-CRM-Report1,Y,c,,,,,,
8603,8600,crm-report2,Reports-CRM-Report2,Y,m,,,,,,
8604,8603,crm-report2,Reports-CRM-Report2,Y,c,,,,,,
8605,8600,crm-export,Reports-Export CRM,Y,m,,,,,,
8606,8605,crm-crmexport,Reports-Export CRM,Y,c,,,,,,
9000,,requests,Requests,Y,m,,,,,,
9001,9000,study-request,DM Study,Y,m,,,,,,
9002,9001,request-list,Request,Y,m,,,,,,
9003,9002,request-dm-study-request,Request,Y,c,E,,,,,
9004,9001,approval-list,Approval,Y,m,,,,,,
9005,9004,request-dm-study-approval,Approval,Y,c,E,,,,,
9006,9000,imi-study-request,IMI Only Study,Y,m,,,,,,
9007,9006,request-list,Request,Y,m,,,,,,
9008,9007,request-imi-only-request,Request,Y,c,E,,,,,
9009,9006,approval-list,Approval,Y,m,,,,,,
9010,9009,request-imi-only-approval,Approval,Y,c,E,,,,,
9011,9000,crm-study-request,CRM Study,Y,m,,,,,,
9012,9011,crm-study-list,Request,Y,m,,,,,,
9013,9012,request-crm-study-request,Request,Y,c,E,,,,,
9014,9011,crm-study-approval-list,Approval,Y,m,,,,,,
9015,9014,request-crm-study-approval,Approval,Y,c,E,,,,,
9016,9000,user-request,User,Y,m,,,,,,
9017,9016,create-request-list,New,Y,m,,,,,,
9018,9017,request-user-new,New,Y,c,E,,,,,
9019,9016,update-request-list,Update,Y,m,,,,,,
9020,9019,request-user-update,Update,Y,c,E,,,,,
9021,9016,deactivate-request-list,Deactivate,Y,m,,,,,,
9022,9021,request-user-deactvate,Deactivate,Y,c,E,,,,,
9023,9016,approval-request-list,Approval,Y,m,,,,,,
9024,9023,request-user-approval,Approval,Y,c,E,,,,,
9025,9000,codelist-request,Code List,Y,m,,,,,,
9026,9025,create-request-list,New,Y,m,,,,,,
9027,9026,request-code-list-new,New,Y,c,E,,,,,
9028,9025,update-request-list,Update,Y,m,,,,,,
9029,9028,request-code-list-update,Update,Y,c,E,,,,,
9030,9025,deactivate-request-list,Deactivate,Y,m,,,,,,
9031,9030,request-code-list-deactivate,Deactivate,Y,c,E,,,,,
9032,9025,approval-request-list,Approval,Y,m,,,,,,
9033,9032,request-code-list-approval,Approval,Y,c,E,,,,,
10000,,admin,App Admin,Y,m,,,,,,
10001,10000,users,Users,Y,m,,,,,,
10002,10001,admin-users,Users,Y,c,E,,,,,
10010,10000,codelist,Code List,Y,m,,,,,,
10011,10010,admin-codelist,Code List,Y,c,E,,,,,
10020,10000,cdms,CDMS,Y,m,,,,,,
10021,10020,cdms-tasks,CDMS Tasks,Y,m,,,,,,
10022,10021,admin-cdms-tasks,CDMS Tasks,Y,c,E,,,,,
10023,10020,cdms-tasks-groups,CDMS Tasks Groups,Y,m,,,,,,
10024,10023,admin-cdms-tasks-groups,CDMS Tasks Groups,Y,c,E,,,,,
10025,10020,cdms-and-cdms-type,CDMS And CDMS Type,Y,m,,,,,,
10026,10025,admin-cdms-and-cdms-type,CDMS And CDMS Type,Y,c,E,,,,,
10027,10020,veeva-vault-version,Veeva Vault Version,Y,m,,,,,,
10028,10027,admin-veeva-vault-version,Veeva Vault Version,Y,c,E,,,,,
10029,10020,rave-url-version,Rave Url Version,Y,m,,,,,,
10030,10029,admin-rave-url-version,Rave Url Version,Y,c,E,,,,,
10040,10000,clin-info,Clininfo,Y,m,,,,,,
10041,10040,clininfo-cdms-tasks,Clininfo CDMS Tasks,Y,m,,,,,,
10042,10041,admin-clininfo-cdms-tasks,Clininfo CDMS Tasks,Y,c,E,,,,,
10043,10040,clininfo-cdms-task-groups,Clininfo CDMS Task Groups,Y,m,,,,,,
10044,10043,admin-clininfo-cdms-task-groups,Clininfo CDMS Task Groups,Y,c,E,,,,,
10045,10040,clininfo-cdms-and-cdms-type,Clininfo CDMS And CDMS Type,Y,m,,,,,,
10046,10045,admin-clininfo-cdms-and-cdms-type,Clininfo CDMS And CDMS Type,Y,c,E,,,,,
10060,10000,cds,CDS,Y,m,,,,,,
10061,10060,dev-category,Development Category Default Value,Y,m,,,,,,
10062,10061,admin-cds-dev-category,Development Category Default Value,Y,c,E,,,,,
10070,10000,imi,IMI,Y,m,,,,,,
10071,10070,imi-cdms-tasks,IMI CDMS Tasks,Y,m,,,,,,
10072,10071,admin-imi-cdms-tasks,IMI CDMS Tasks,Y,c,E,,,,,
10073,10070,imi-cdms-tasks-groups,IMI CDMS Task Groups,Y,m,,,,,,
10074,10073,admin-imi-cdms-tasks-groups,IMI CDMS Task Groups,Y,c,E,,,,,
10075,10070,imi-cdms-and-cdms-type,IMI CDMS and CDMS Type,Y,m,,,,,,
10076,10075,admin-imi-cdms-and-cdms-type,IMI CDMS and CDMS Type,Y,c,E,,,,,
10077,10070,imi-review-categories-codelist,IMI Review Categories Codelist,Y,m,,,,,,
10078,10077,admin-imi-review-categories-codelist,IMI Review Categories Codelist,Y,c,E,,,,,
10090,10000,crm,CRM,Y,m,,,,,,
10091,10090,crm-codelist,CRM Codelist,Y,m,,,,,,
10092,10091,admin-crm-codelist,CRM Codelist,Y,c,E,,,,,
10093,10090,crm-project-governance-codelist,CRM Project Governance Codelist,Y,m,,,,,,
10094,10093,admin-crm-project-governance-codelist,CRM Project Governance Codelist,Y,c,E,,,,,
10100,10000,process-improvement-categories,Process Improvement Category Codelist,Y,m,,,,,,
10101,10100,admin-process-improvement-categories,Process Improvement Category Codelist,Y,c,E,,,,,
10110,10000,uploads-dm,DM Uploads,Y,m,,,,,,
10111,10110,fte-list,FTE Upload,Y,m,,,,,,
10112,10111,admin-dm-fte-upload,FTE Upload,Y,c,E,,,,,
10113,10110,fte-resource-list,FTE Resource Upload,Y,m,,,,,,
10114,10113,admin-dm-fte-resource-upload,FTE Resource Upload,Y,c,E,,,,,
10115,10110,page-list,Page Upload,Y,m,,,,,,
10116,10115,admin-dm-page-list,Page Upload,Y,c,E,,,,,
10120,10000,uploads-imi,IMI Uploads,Y,m,,,,,,
10121,10120,imi-timelines-list,IMI Timeline Upload,Y,m,,,,,,
10122,10121,admin-imi-timelines-list,IMI Timeline Upload,Y,c,E,,,,,
10130,10000,logdetails,Log Details,Y,m,,,,,,
10131,10130,mail-log,Mail Logs,Y,m,,,,,,
10132,10131,admin-mail-log,Mail Logs,Y,c,E,,,,,
10133,10130,error-log,Error Logs,Y,m,,,,,,
10134,10133,admin-error-log,Error Logs,Y,c,E,,,,,
10135,10130,login-details-log,Login Details,Y,m,,,,,,
10136,10135,admin-login-details-log,Login Details,Y,c,E,,,,,
10150,10000,group-access,Group Access,Y,m,,,,,,
10151,10150,admin-group-access,Group Access Edit,Y,c,E,,,,,
10160,10000,app-access,User Access Permissions,Y,m,,,,,,
10161,10160,app-access-view,User Access Permissions,Y,m,,,,,,
10162,10161,admin-app-access-view,User Access Permissions,Y,c,E,,,,,
11000,,study-team-members,DM Project Quicklinl,Y,m,,,,,,
11001,11000,dm-study-members,DM Project Quicklinl,Y,c,,,,,,
